product_category,revenue,orders,units_sold,avg_margin,return_rate,revenue_share_%,return_rate_%
Sports,27888922.81,436,1308.0,0.7840855504587156,0.0,17.36,0.0
Books,27858552.41,436,1318.0,0.7960061926605504,0.0,17.34,0.0
Beauty,26668216.34,442,1287.0,0.7916192307692307,0.0,16.6,0.0
Electronics,26575550.03,417,1313.0,0.7826685851318944,0.0,16.54,0.0
Clothing,26036708.080000002,410,1271.0,0.7874785365853658,0.0,16.2,0.0
Home & Kitchen,25660957.14,397,1256.0,0.7796319899244332,0.0,15.97,0.0
