segment,revenue,orders,n_customers,avg_clv_rev,revenue_share_%
At-Risk,52694563.84,1109,331,47515.38669071236,32.79
Champions,47460878.18,672,110,70626.30681547619,29.54
Loyal Customers,43760809.98,430,147,101769.32553488371,27.23
Lost / Dormant,16772654.81,327,183,51292.52235474006,10.44
